"","ID","History","Portrait","Landscape","Genre","StillLife","Abstract","Other","Animal","diff","famous","sold","height","width"
"1","american-art-n09633_1",0,0,0,0,0,1,0,0,0.5,1,1,18,23
"2","american-art-n09633_10",0,0,0,0,1,0,0,0,0.666666666666667,1,1,24,18
"3","american-art-n09633_100",1,0,0,0,0,0,0,0,0.5,1,1,24,NA
"4","american-art-n09633_101",0,1,0,0,0,0,0,0,0.333333333333333,1,1,13.5,10
"5","american-art-n09633_102",0,1,0,0,0,0,0,0,0.666666666666667,1,1,38,33
"6","american-art-n09633_103",1,0,0,0,0,0,0,0,0.428571428571429,1,1,33.125,NA
"7","american-art-n09633_104",0,0,0,0,1,0,0,0,0.4,1,1,14.5,18
"8","american-art-n09633_105",0,0,1,0,0,0,0,0,0.4,1,1,24,28
"9","american-art-n09633_106",0,0,1,0,0,0,0,0,0.5,1,1,20,24
"10","american-art-n09633_107",0,0,1,0,0,0,0,0,0.5,1,1,20,24
"11","american-art-n09633_109",0,0,1,0,0,0,0,0,0.5,1,1,18,24
"12","american-art-n09633_11",0,0,1,0,0,0,0,0,0.5,1,1,24,18
"13","american-art-n09633_110",0,0,1,0,0,0,0,0,0.4,1,1,16,24
"14","american-art-n09633_111",0,0,0,0,0,0,1,0,0.5,1,1,11.375,9.25
"15","american-art-n09633_112",0,0,0,0,0,0,1,0,0.5,1,1,30,20
"16","american-art-n09633_113",0,0,1,0,0,0,0,0,0.5,1,1,24,30
"17","american-art-n09633_114",0,0,0,0,0,0,1,0,0.5,1,1,30,45
"18","american-art-n09633_115",0,0,0,0,0,0,1,0,0.428571428571429,1,1,20,24
"19","american-art-n09633_116",0,0,0,0,1,0,0,1,0.5,1,1,11.5,NA
"20","american-art-n09633_117",0,0,0,0,0,0,1,0,0.666666666666667,1,1,24,17.25
"21","american-art-n09633_118",0,1,0,0,0,0,0,0,0.666666666666667,1,1,29,27
"22","american-art-n09633_119",0,1,0,0,0,0,0,0,0.333333333333333,1,1,28.75,27
"23","american-art-n09633_12",0,0,1,0,0,0,0,0,0.5,1,1,14,10
"24","american-art-n09633_120",0,0,0,0,0,0,1,0,0.5,1,1,17.5,14.5
"25","american-art-n09633_121",0,0,0,0,0,0,1,0,0.428571428571429,1,1,18,14.5
"26","american-art-n09633_122",0,0,0,1,0,0,0,0,0.333333333333333,1,1,12,16.125
"27","american-art-n09633_123",0,0,0,1,0,0,0,0,0.4,1,1,24.5,23
"28","american-art-n09633_124",1,0,0,0,0,0,0,0,0.5,1,1,21,44
"29","american-art-n09633_125",0,0,1,0,0,0,0,0,0.333333333333333,1,0,24.75,NA
"30","american-art-n09633_126",0,0,0,0,0,0,1,0,0.5,1,1,29,20.75
"31","american-art-n09633_127",0,0,1,0,0,0,0,0,0.5,1,1,21.5,29.75
"32","american-art-n09633_128",0,0,0,0,0,0,1,0,0.666666666666667,1,1,29.75,21.875
"33","american-art-n09633_129",0,1,0,0,0,0,0,0,0.5,1,1,25,30
"34","american-art-n09633_13",0,0,1,0,0,0,0,0,0.4,1,1,7.5,12.25
"35","american-art-n09633_130",0,0,1,0,0,0,0,0,0.5,1,1,10.75,14.75
"36","american-art-n09633_131",0,0,0,0,1,0,0,0,0.5,1,1,32,26
"37","american-art-n09633_132",0,0,0,1,0,0,0,0,0.5,1,1,22,23
"38","american-art-n09633_133",0,0,1,0,0,0,0,0,0.4,1,1,52,60
"39","american-art-n09633_134",0,0,1,0,0,0,0,0,0.4,1,1,22,30
"40","american-art-n09633_135",0,0,1,0,0,0,0,0,0.333333333333333,1,1,30,40
"41","american-art-n09633_136",0,0,0,0,0,0,1,0,0.333333333333333,1,1,40,30
"42","american-art-n09633_137",0,0,0,0,0,0,1,0,0.4,1,1,45,NA
"43","american-art-n09633_138",0,0,0,0,1,0,0,0,0.5,1,1,12,24
"44","american-art-n09633_139",0,1,0,0,0,0,0,0,0.5,1,1,28.5,20.75
"45","american-art-n09633_14",0,0,0,0,1,0,0,0,0.5,1,1,33.5,26
"46","american-art-n09633_140",0,0,0,0,0,0,1,0,0.4,1,1,24,32
"47","american-art-n09633_141",0,0,0,0,0,0,1,0,0.4,1,1,22,27
"48","american-art-n09633_142",1,0,0,0,0,0,0,0,0.5,1,1,46,NA
"49","american-art-n09633_143",1,0,0,0,0,0,0,0,0.333333333333333,1,1,15.25,NA
"50","american-art-n09633_15",0,0,0,0,0,1,0,0,0.666666666666667,0,0,13,11.75
"51","american-art-n09633_16",0,0,1,0,0,0,0,0,0.666666666666667,1,0,14,16
"52","american-art-n09633_17",0,0,0,0,1,0,0,0,0.5,1,1,24,18
"53","american-art-n09633_18",0,0,1,0,0,0,0,0,0.666666666666667,1,0,19.75,25.75
"54","american-art-n09633_19",0,0,0,0,1,0,0,0,0.666666666666667,1,1,21.75,18
"55","american-art-n09633_2",0,0,1,0,0,0,0,0,0.5,1,1,17,22
"56","american-art-n09633_20",0,1,0,0,0,0,0,0,0.333333333333333,1,1,20,16
"57","american-art-n09633_21",0,0,0,0,0,0,1,0,0.4,1,1,25.5,NA
"58","american-art-n09633_22",0,0,0,0,1,0,0,1,0.4,1,1,6.5,NA
"59","american-art-n09633_23",0,0,0,0,1,0,0,0,0.428571428571429,0,0,6,NA
"60","american-art-n09633_24",0,0,1,0,0,0,0,0,0.5,1,1,26,32
"61","american-art-n09633_25",0,0,1,0,0,0,0,0,0.5,1,1,16,11.875
"62","american-art-n09633_26",0,1,0,0,0,0,0,0,0.5,1,0,24,20
"63","american-art-n09633_27",0,1,0,0,0,0,0,0,0.4,1,1,40,32.25
"64","american-art-n09633_28",0,0,1,0,0,0,0,0,0.5,1,1,16,20
"65","american-art-n09633_29",0,0,1,0,0,0,0,0,0.5,1,0,25,30
"66","american-art-n09633_3",0,0,0,0,1,0,0,0,0.5,1,1,25,19
"67","american-art-n09633_30",0,0,1,0,0,0,0,0,0.5,1,0,28,36
"68","american-art-n09633_31",0,0,1,0,0,0,0,0,0.5,1,1,24,30
"69","american-art-n09633_32",0,0,0,0,1,0,0,0,0.333333333333333,1,1,23,25.75
"70","american-art-n09633_33",0,0,0,0,1,0,0,0,0.5,1,0,27.25,20.75
"71","american-art-n09633_34",0,0,0,0,1,0,0,0,0.4,1,0,25,22
"72","american-art-n09633_35",0,0,0,1,0,0,0,0,0.5,1,0,24,20
"73","american-art-n09633_36",0,0,1,0,0,0,0,0,0.4,1,1,10,8
"74","american-art-n09633_37",0,0,1,0,0,0,0,0,0.5,1,1,9.25,15.125
"75","american-art-n09633_38",0,0,1,0,0,0,0,0,0.4,1,1,20.75,15.875
"76","american-art-n09633_39",0,0,1,0,0,0,0,0,0.4,1,1,25,17.25
"77","american-art-n09633_4",0,0,1,0,0,0,0,0,0.5,1,1,13,15
"78","american-art-n09633_40",0,0,0,0,1,0,0,0,0.4,0,1,9.75,13.625
"79","american-art-n09633_41",0,0,1,0,0,0,0,0,0.666666666666667,1,1,20,24.125
"80","american-art-n09633_42",0,0,1,0,0,0,0,0,0.5,1,1,26.25,32.25
"81","american-art-n09633_43",0,1,0,0,0,0,0,0,0.388888888888889,1,1,20.375,16
"82","american-art-n09633_44",0,0,1,0,0,0,0,0,0.5,1,1,24,20
"83","american-art-n09633_45",0,0,0,0,1,0,0,0,0.666666666666667,1,1,30.25,24
"84","american-art-n09633_46",0,1,0,0,0,0,0,0,0.428571428571429,1,0,20,16
"85","american-art-n09633_47",0,1,0,0,0,0,0,0,0.5,1,0,24,20
"86","american-art-n09633_48",0,1,0,0,0,0,0,0,0.5,1,1,36,24
"87","american-art-n09633_49",0,0,0,0,0,0,1,0,0.5,1,1,11.75,8.75
"88","american-art-n09633_5",0,0,1,0,0,0,0,0,0.666666666666667,1,1,17.25,13.875
"89","american-art-n09633_50",0,0,0,0,0,0,1,0,0.428571428571429,1,1,10,8
"90","american-art-n09633_51",0,0,0,0,0,0,1,0,0.5,1,1,14.125,19
"91","american-art-n09633_52",0,0,1,0,0,0,0,0,0.333333333333333,1,1,20.5,30.75
"92","american-art-n09633_53",0,0,0,1,0,0,0,0,0.333333333333333,1,1,25,30
"93","american-art-n09633_54",0,0,0,0,0,0,1,0,0.4,1,1,18.25,14.5
"94","american-art-n09633_55",0,0,0,1,0,0,0,0,0.666666666666667,1,1,9,12
"95","american-art-n09633_56",0,0,0,0,1,0,0,0,0.5,1,1,16,20
"96","american-art-n09633_57",0,1,0,0,0,0,0,0,0.4,1,0,16,12
"97","american-art-n09633_58",0,0,1,0,0,0,0,0,0.333333333333333,1,0,27.25,19.375
"98","american-art-n09633_59",0,0,1,0,0,0,0,0,0.428571428571429,1,1,28,36
"99","american-art-n09633_6",0,0,1,0,0,0,0,0,0.666666666666667,1,1,14,20
"100","american-art-n09633_61",0,0,1,0,0,0,0,0,0.5,1,1,24,20
"101","american-art-n09633_62",0,0,1,0,0,0,0,0,0.4,1,1,25,34
"102","american-art-n09633_63",0,0,1,0,0,0,0,0,0.5,1,0,36.25,26.5
"103","american-art-n09633_64",0,0,1,0,0,0,0,0,0.4,1,0,24,32
"104","american-art-n09633_65",0,0,1,0,0,0,0,0,0.5,1,1,30,36
"105","american-art-n09633_66",0,0,1,0,0,0,0,0,0.4,1,1,15,22.5
"106","american-art-n09633_67",0,0,1,0,0,0,0,0,0.333333333333333,1,1,15,19
"107","american-art-n09633_68",0,0,1,0,0,0,0,0,0.5,1,1,15.5,12.25
"108","american-art-n09633_69",0,0,0,1,0,0,0,0,0.5,0,1,18,24
"109","american-art-n09633_7",0,0,1,0,0,0,0,0,0.666666666666667,1,0,5.5,7.75
"110","american-art-n09633_70",0,0,0,1,0,0,0,0,0.5,0,1,18,24
"111","american-art-n09633_71",0,0,0,1,0,0,0,0,0.333333333333333,1,1,20,36
"112","american-art-n09633_72",0,0,0,1,0,0,0,0,0.5,1,1,21,31
"113","american-art-n09633_73",0,0,0,1,0,0,0,0,0.5,0,0,24,32.125
"114","american-art-n09633_74",0,0,0,1,0,0,0,0,0.428571428571429,0,0,22,34
"115","american-art-n09633_75",1,0,0,0,0,0,0,0,0.5,1,1,6.75,11.25
"116","american-art-n09633_76",0,0,0,1,0,0,0,0,0.4,0,0,22,36
"117","american-art-n09633_78",0,0,1,0,0,0,0,0,0.666666666666667,1,1,19.5,32
"118","american-art-n09633_79",0,0,1,0,0,0,0,0,0.5,1,1,20.5,30
"119","american-art-n09633_8",0,0,1,0,0,0,0,0,0.666666666666667,1,1,17,14
"120","american-art-n09633_80",0,0,1,0,0,0,0,0,0.5,1,0,20,42
"121","american-art-n09633_81",0,0,0,1,0,0,0,0,0.4,1,0,18,30
"122","american-art-n09633_82",0,0,1,0,0,0,0,0,0.333333333333333,1,1,7,11
"123","american-art-n09633_83",0,0,1,0,0,0,0,0,0.428571428571429,1,1,16,12
"124","american-art-n09633_84",0,0,1,0,0,0,0,0,0.428571428571429,1,0,20,15.875
"125","american-art-n09633_85",0,0,1,0,0,0,0,0,0.428571428571429,1,1,6.125,12.25
"126","american-art-n09633_86",0,0,1,0,0,0,0,0,0.4,1,1,12.625,7.5
"127","american-art-n09633_87",0,0,1,0,0,0,0,0,0.333333333333333,1,1,16,10
"128","american-art-n09633_88",0,0,0,1,0,0,0,0,0.5,1,1,22,36
"129","american-art-n09633_89",0,1,0,0,0,0,0,0,0.428571428571429,0,1,30,25
"130","american-art-n09633_9",0,0,0,0,1,0,0,0,0.5,1,1,28,22.25
"131","american-art-n09633_90",0,0,0,1,0,0,0,1,0.666666666666667,1,1,14,12
"132","american-art-n09633_91",0,1,0,0,0,0,0,0,0.5,0,1,30,24
"133","american-art-n09633_92",0,0,0,1,0,0,0,0,0.4,1,1,30,59.75
"134","american-art-n09633_93",0,0,0,0,1,0,0,0,0.5,1,1,22,27
"135","american-art-n09633_94",0,1,0,0,0,0,0,1,0.5,1,1,32,25
"136","american-art-n09633_95",0,1,0,0,0,0,0,0,0.333333333333333,0,1,15.5,12.5
"137","american-art-n09633_96",0,0,0,1,0,0,0,0,0.4,1,0,20,14
"138","american-art-n09633_97",0,0,0,0,0,0,1,0,0.666666666666667,1,1,10.5,NA
"139","american-art-n09633_98",0,0,0,0,0,0,1,0,0.4,1,1,8,NA
"140","american-art-n09633_99",0,0,1,0,0,0,0,0,0.5,1,1,13,NA
"141","master-paintings-19th-century-european-n09600_401",0,1,0,0,0,0,0,0,0.333333333333333,0,1,16.75,12
"142","master-paintings-19th-century-european-n09600_402",1,0,0,0,0,0,0,0,0.666666666666667,0,1,18.75,14.375
"143","master-paintings-19th-century-european-n09600_403",1,0,0,0,0,0,0,0,0.666666666666667,0,1,20.5,14.75
"144","master-paintings-19th-century-european-n09600_404",0,0,0,0,0,0,1,0,0.5,0,0,10.5,52.625
"145","master-paintings-19th-century-european-n09600_405",1,0,0,0,0,0,0,0,0.333333333333333,0,1,47.5,14.25
"146","master-paintings-19th-century-european-n09600_406",0,0,0,0,0,0,1,0,0.666666666666667,0,0,20.75,16.75
"147","master-paintings-19th-century-european-n09600_407",1,0,0,0,0,0,0,0,0.666666666666667,0,1,25.375,14.75
"148","master-paintings-19th-century-european-n09600_408",1,0,0,0,0,0,0,0,0.666666666666667,0,1,34.5,29
"149","master-paintings-19th-century-european-n09600_409",0,1,0,0,0,0,0,0,0.5,0,1,39.75,32.625
"150","master-paintings-19th-century-european-n09600_410",0,0,0,0,0,0,1,0,0.5,0,1,47.25,35.5
"151","master-paintings-19th-century-european-n09600_411",1,0,0,0,0,0,0,0,0.5,0,0,28.5,35.375
"152","master-paintings-19th-century-european-n09600_412",1,0,0,0,0,0,0,0,0.333333333333333,1,0,39.375,56.25
"153","master-paintings-19th-century-european-n09600_413",0,0,0,0,0,0,1,0,0.333333333333333,0,1,24.75,33.25
"154","master-paintings-19th-century-european-n09600_414",1,0,0,0,0,0,0,0,0.5,0,1,10.875,8.25
"155","master-paintings-19th-century-european-n09600_415",1,0,0,0,0,0,0,0,0.333333333333333,0,0,9.375,6.625
"156","master-paintings-19th-century-european-n09600_416",1,0,0,0,0,0,0,0,0.5,0,0,51,38.25
"157","master-paintings-19th-century-european-n09600_417",1,0,0,0,0,0,0,0,0.4,1,1,17.5,13.625
"158","master-paintings-19th-century-european-n09600_418",1,0,0,0,0,0,0,0,0.4,0,1,38.375,28.75
"159","master-paintings-19th-century-european-n09600_420",0,0,1,0,0,0,0,0,0.333333333333333,1,1,10.5,14.5
"160","master-paintings-19th-century-european-n09600_421",1,0,0,0,0,0,0,0,0.666666666666667,0,1,16,19
"161","master-paintings-19th-century-european-n09600_422",0,1,0,0,0,0,0,0,0.5,0,1,9.5,7.125
"162","master-paintings-19th-century-european-n09600_423",0,1,0,0,0,0,0,0,0.5,1,1,20.5,16.5
"163","master-paintings-19th-century-european-n09600_424",0,1,0,0,0,0,0,0,0.4,1,0,34.625,27
"164","master-paintings-19th-century-european-n09600_425",0,0,0,0,1,0,0,0,0.333333333333333,1,1,33.625,26.25
"165","master-paintings-19th-century-european-n09600_426",0,0,0,0,1,0,0,1,0.5,0,1,39.75,60
"166","master-paintings-19th-century-european-n09600_427",0,0,0,0,1,0,0,0,0.5,1,1,13.5,NA
"167","master-paintings-19th-century-european-n09600_428",0,0,0,0,1,0,0,0,0.5,0,1,19,25.125
"168","master-paintings-19th-century-european-n09600_429",0,0,1,0,0,0,0,0,0.4,0,0,NA,NA
"169","master-paintings-19th-century-european-n09600_430",1,0,0,0,0,0,0,0,0.5,0,1,32.25,60.25
"170","master-paintings-19th-century-european-n09600_431",0,0,0,1,0,0,0,0,0.5,0,1,12.125,8.5
"171","master-paintings-19th-century-european-n09600_432",1,0,0,0,0,0,0,0,0.5,0,1,48.625,37
"172","master-paintings-19th-century-european-n09600_433",0,0,0,0,1,0,0,0,0.333333333333333,1,0,34.5,45.5
"173","master-paintings-19th-century-european-n09600_434",0,0,1,0,0,0,0,0,0.333333333333333,0,0,33.5,46.25
"174","master-paintings-19th-century-european-n09600_435",0,0,1,0,0,0,0,0,0.5,0,0,28.5,36.75
"175","master-paintings-19th-century-european-n09600_436",1,0,0,0,0,0,0,0,0.333333333333333,0,0,30.875,56.625
"176","master-paintings-19th-century-european-n09600_437",1,0,0,0,0,0,0,0,0.5,0,1,47.5,67.5
"177","master-paintings-19th-century-european-n09600_438",1,0,0,0,0,0,0,0,0.666666666666667,0,1,47,67.625
"178","master-paintings-19th-century-european-n09600_439",0,0,0,0,0,0,1,0,0.333333333333333,0,0,NA,NA
"179","master-paintings-19th-century-european-n09600_440",1,0,0,0,0,0,0,0,0.285714285714286,0,1,16.75,27.625
"180","master-paintings-19th-century-european-n09600_441",1,0,0,0,0,0,0,0,0.333333333333333,0,0,24.875,30
"181","master-paintings-19th-century-european-n09600_443",1,0,0,0,0,0,0,0,0.333333333333333,1,1,22,18
"182","master-paintings-19th-century-european-n09600_444",1,0,0,0,0,0,0,0,0.4,0,1,29.25,36.25
"183","master-paintings-19th-century-european-n09600_445",1,0,0,0,0,0,0,0,0.428571428571429,1,0,19.875,24.5
"184","master-paintings-19th-century-european-n09600_446",0,0,0,0,0,0,1,0,0.4,0,1,12.75,9.25
"185","master-paintings-19th-century-european-n09600_447",0,1,0,0,0,0,0,0,0.333333333333333,0,0,23.375,19.375
"186","master-paintings-19th-century-european-n09600_448",1,0,0,0,0,0,0,0,0.5,0,0,26.125,19.25
"187","master-paintings-19th-century-european-n09600_449",0,0,0,0,0,0,1,0,0.5,0,0,NA,NA
"188","master-paintings-19th-century-european-n09600_450",1,0,0,0,0,0,0,0,0.666666666666667,0,1,35.25,28
"189","master-paintings-19th-century-european-n09600_451",1,0,0,0,0,0,0,0,0.333333333333333,0,1,30.5,21.125
"190","master-paintings-19th-century-european-n09600_452",0,0,0,1,0,0,0,0,0.5,0,1,39.375,52.75
"191","master-paintings-19th-century-european-n09600_453",0,1,0,0,0,0,0,0,0.5,0,1,3.375,2.75
"192","master-paintings-19th-century-european-n09600_454",0,0,0,0,0,0,1,0,0.333333333333333,0,1,38.25,51.75
"193","master-paintings-19th-century-european-n09600_455",0,0,1,0,0,0,0,0,0.333333333333333,0,0,10.25,13.5
"194","master-paintings-19th-century-european-n09600_456",1,0,0,0,0,0,0,0,0.5,1,1,18.5,24.25
"195","master-paintings-19th-century-european-n09600_457",0,0,0,1,0,0,0,0,0.5,0,0,31.75,25
"196","master-paintings-19th-century-european-n09600_458",0,0,1,0,0,0,0,0,1,0,0,19.75,28.5
"197","master-paintings-19th-century-european-n09600_459",0,1,0,0,0,0,0,0,0.5,0,1,67.5,55.5
"198","master-paintings-19th-century-european-n09600_460",0,0,0,1,0,0,0,0,0.428571428571429,0,1,23.25,33
"199","master-paintings-19th-century-european-n09600_461",0,1,0,0,0,0,0,0,0.5,1,1,25.625,19
"200","master-paintings-19th-century-european-n09600_462",0,0,1,0,0,0,0,0,0.4,0,0,18.625,29.625
"201","master-paintings-19th-century-european-n09600_463",0,0,1,0,0,0,0,1,0.4,0,1,33,40.5
"202","master-paintings-19th-century-european-n09600_464",0,1,0,0,0,0,0,0,0.333333333333333,1,1,28.25,23.625
"203","master-paintings-19th-century-european-n09600_465",0,0,1,0,0,0,0,0,0.333333333333333,1,1,19.125,25.75
"204","master-paintings-19th-century-european-n09600_466",0,0,0,0,0,0,1,0,0.666666666666667,1,1,23.625,33.125
"205","master-paintings-19th-century-european-n09600_467",0,0,0,0,0,0,1,0,0.285714285714286,1,0,25.25,30.125
"206","master-paintings-19th-century-european-n09600_468",0,0,1,0,0,0,0,0,0.333333333333333,0,1,19.25,29.5
"207","master-paintings-19th-century-european-n09600_469",1,0,0,0,0,0,0,0,0.4,0,1,15.75,19.875
"208","master-paintings-19th-century-european-n09600_470",0,0,1,0,0,0,0,1,0.5,0,1,25.5,30.25
"209","master-paintings-19th-century-european-n09600_471",1,0,0,0,0,0,0,0,0.5,0,1,47,35.5
"210","master-paintings-19th-century-european-n09600_472",1,0,0,0,0,0,0,0,0.285714285714286,1,1,15.25,19.75
"211","master-paintings-19th-century-european-n09600_473",0,1,0,0,0,0,0,0,0.5,1,0,44.875,33.25
"212","master-paintings-19th-century-european-n09600_474",0,1,0,0,0,0,0,0,0.5,0,1,49,39.75
"213","master-paintings-19th-century-european-n09600_475",0,1,0,0,0,0,0,0,0.285714285714286,0,0,32,44
"214","master-paintings-19th-century-european-n09600_477",0,1,0,0,0,0,0,0,0.5,0,1,30,24
"215","master-paintings-19th-century-european-n09600_478",0,0,1,0,0,0,0,0,0.333333333333333,0,1,25.25,40.125
"216","master-paintings-19th-century-european-n09600_479",0,1,0,0,0,0,0,0,0.4,0,1,40,28.125
"217","master-paintings-19th-century-european-n09600_480",0,1,0,0,0,0,0,0,0.4,0,0,36.625,27.5
"218","master-paintings-19th-century-european-n09600_481",0,1,0,0,0,0,0,0,0.4,0,1,18,13.75
"219","master-paintings-19th-century-european-n09600_482",0,1,0,0,0,0,0,0,0.5,0,1,30,24.75
"220","master-paintings-19th-century-european-n09600_483",0,1,0,0,0,0,0,1,0.333333333333333,0,1,11.25,8.5
"221","master-paintings-19th-century-european-n09600_484",0,1,0,0,0,0,0,0,0.428571428571429,0,0,36.5,NA
"222","master-paintings-19th-century-european-n09600_485",0,1,0,0,0,0,0,0,0.4,0,1,24,19.75
"223","master-paintings-19th-century-european-n09600_486",0,0,0,0,1,0,0,1,0.333333333333333,0,1,NA,NA
"224","master-paintings-19th-century-european-n09600_487",0,0,0,0,0,0,1,0,0.4,0,1,17.125,15.875
"225","master-paintings-19th-century-european-n09600_488",0,1,0,0,0,0,0,0,0.5,0,1,55.5,70.75
"226","master-paintings-19th-century-european-n09600_489",0,1,0,0,0,0,0,1,0.5,1,1,50.5,65.75
"227","master-paintings-19th-century-european-n09600_490",0,0,1,0,0,0,0,0,0.5,0,1,30,25.125
"228","master-paintings-19th-century-european-n09600_491",1,0,0,0,0,0,0,0,0.333333333333333,1,0,27,22
"229","master-paintings-19th-century-european-n09600_492",0,0,1,0,0,0,0,0,0.4,0,0,18.75,24.25
"230","master-paintings-19th-century-european-n09600_493",0,0,1,0,0,0,0,1,0.5,0,0,39.5,50.5
"231","master-paintings-19th-century-european-n09600_494",0,0,0,0,1,0,0,0,0.5,1,1,27.75,36
"232","master-paintings-19th-century-european-n09600_495",0,0,0,0,1,0,0,1,0.5,0,1,14,17.375
"233","master-paintings-19th-century-european-n09600_496",0,0,0,0,1,0,0,0,0.5,1,1,50.125,NA
"234","master-paintings-19th-century-european-n09600_497",0,0,0,0,1,0,0,0,0.5,0,1,9.375,12.125
"235","master-paintings-19th-century-european-n09600_498",0,0,0,0,1,0,0,0,0.5,0,1,21.25,30
"236","master-paintings-19th-century-european-n09600_499",0,0,1,0,0,0,0,0,0.4,1,1,21,26
"237","master-paintings-19th-century-european-n09600_500",0,0,1,0,0,0,0,1,0.5,1,1,40,50
"238","master-paintings-19th-century-european-n09600_501",0,0,1,0,0,0,0,1,0.4,1,0,19.75,30.125
"239","master-paintings-19th-century-european-n09600_502",0,0,1,0,0,0,0,0,0.5,1,1,14.75,18
"240","master-paintings-19th-century-european-n09600_503",0,0,0,0,0,0,1,0,0.4,1,0,7.5,12.25
"241","master-paintings-19th-century-european-n09600_504",0,0,0,0,0,0,1,0,0.333333333333333,1,1,35.875,50
"242","master-paintings-19th-century-european-n09600_505",0,0,0,0,0,0,1,0,0.4,0,0,9.875,13.75
"243","master-paintings-19th-century-european-n09600_506",0,0,1,0,0,0,0,0,0.4,1,0,18,14.75
"244","master-paintings-19th-century-european-n09600_508",0,0,1,0,0,0,0,0,0.333333333333333,1,1,13,8.5
"245","master-paintings-19th-century-european-n09600_509",0,0,1,0,0,0,0,0,0.5,1,1,8.625,6.25
"246","master-paintings-19th-century-european-n09600_510",0,0,1,0,0,0,0,0,0.4,1,1,17,10.125
"247","master-paintings-19th-century-european-n09600_511",0,0,1,0,0,0,0,0,0.428571428571429,1,1,20.75,28.5
"248","master-paintings-19th-century-european-n09600_512",0,0,1,0,0,0,0,0,0.5,1,1,17.375,25.25
"249","master-paintings-19th-century-european-n09600_513",0,0,0,1,0,0,0,0,0.4,1,1,39,54
"250","master-paintings-19th-century-european-n09600_514",1,0,0,0,0,0,0,0,0.333333333333333,1,1,24.875,30.25
"251","master-paintings-19th-century-european-n09600_515",0,0,1,0,0,0,0,0,0.4,1,1,25,32.75
"252","master-paintings-19th-century-european-n09600_516",0,0,1,0,0,0,0,0,0.333333333333333,1,1,9.875,12.625
"253","master-paintings-19th-century-european-n09600_517",0,0,1,0,0,0,0,0,0.5,1,1,15,26.375
"254","master-paintings-19th-century-european-n09600_519",0,0,1,0,0,0,0,0,0.333333333333333,1,1,8.25,12
"255","master-paintings-19th-century-european-n09600_520",0,0,0,0,1,0,0,0,0.5,1,1,26.75,39.75
"256","master-paintings-19th-century-european-n09600_521",0,0,0,1,0,0,0,0,0.5,1,1,15.5,21.5
"257","master-paintings-19th-century-european-n09600_522",0,0,0,0,0,0,1,0,0.4,1,0,12,7.5
"258","master-paintings-19th-century-european-n09600_523",0,0,0,1,0,0,0,0,0.5,1,1,40.125,34.125
"259","master-paintings-19th-century-european-n09600_524",0,0,0,1,0,0,0,0,0.5,1,1,36,26
"260","master-paintings-19th-century-european-n09600_525",0,1,0,0,0,0,0,0,0.388888888888889,1,0,45.75,28.25
"261","master-paintings-19th-century-european-n09600_526",0,1,0,0,0,0,0,0,0.5,1,0,98.5,78.75
"262","master-paintings-19th-century-european-n09600_527",0,0,0,1,0,0,0,0,0.4,1,0,30,22
"263","master-paintings-19th-century-european-n09600_529",0,1,0,0,0,0,0,0,0.5,1,0,39.375,29
"264","master-paintings-19th-century-european-n09600_530",0,0,0,0,0,0,1,0,0.5,1,1,14.625,20.125
"265","master-paintings-19th-century-european-n09600_531",0,0,0,1,0,0,0,0,0.5,1,0,29.75,18.25
"266","master-paintings-19th-century-european-n09600_532",0,0,0,0,0,0,1,0,0.5,1,0,32,25.75
"267","master-paintings-19th-century-european-n09600_533",0,0,0,0,0,0,1,0,0.5,1,1,25.75,21.5
"268","master-paintings-19th-century-european-n09600_534",0,1,0,0,0,0,0,0,0.4,1,0,76.5,NA
"269","master-paintings-19th-century-european-n09600_535",0,1,0,0,0,0,0,0,0.4,1,0,22,18
"270","master-paintings-19th-century-european-n09600_536",0,0,0,0,0,0,1,0,0.666666666666667,1,1,18.25,15.5
"271","master-paintings-19th-century-european-n09600_537",0,0,1,0,0,0,0,0,0.5,1,1,41.75,33
"272","master-paintings-19th-century-european-n09600_538",0,0,1,0,0,0,0,0,0.4,1,1,57.875,38.375
"273","master-paintings-19th-century-european-n09600_539",0,0,1,0,0,0,0,0,0.428571428571429,1,1,25.5,21.25
"274","master-paintings-19th-century-european-n09600_540",0,0,1,0,0,0,0,0,0.4,1,1,57.5,38.25
"275","master-paintings-19th-century-european-n09600_541",1,0,0,0,0,0,0,0,0.5,1,0,23.625,36.125
"276","master-paintings-19th-century-european-n09600_542",1,0,0,0,0,0,0,0,0.5,1,1,31.5,39.25
"277","master-paintings-19th-century-european-n09600_543",0,1,0,0,0,0,0,0,0.666666666666667,1,1,19.875,16
"278","master-paintings-19th-century-european-n09600_544",0,1,0,0,0,0,0,0,0.4,1,0,32.75,23.25
"279","master-paintings-19th-century-european-n09600_545",0,1,0,0,0,0,0,0,0.333333333333333,1,1,39.5,28.375
"280","master-paintings-19th-century-european-n09600_546",0,0,1,0,0,0,0,0,0.666666666666667,1,0,19.75,25.5
"281","master-paintings-19th-century-european-n09600_547",0,0,1,0,0,0,0,0,0.666666666666667,1,1,13,18.125
"282","master-paintings-19th-century-european-n09600_548",0,0,1,0,0,0,0,0,0.5,1,1,9.375,13
"283","master-paintings-19th-century-european-n09600_549",0,0,1,0,0,0,0,0,0.333333333333333,1,1,9.5,13
"284","master-paintings-19th-century-european-n09600_550",0,0,1,0,0,0,0,0,0.5,1,0,13,18
"285","master-paintings-19th-century-european-n09600_551",0,0,1,0,0,0,0,0,0.5,1,0,13,17.75
"286","master-paintings-19th-century-european-n09600_552",0,0,0,1,0,0,0,0,0.5,1,0,46.75,35.125
"287","master-paintings-19th-century-european-n09600_553",0,0,0,0,0,0,1,0,0.5,1,1,24.25,20.125
"288","master-paintings-19th-century-european-n09600_554",0,0,0,1,0,0,0,0,0.5,1,0,20,28.625
"289","master-paintings-19th-century-european-n09600_555",0,0,0,1,0,0,0,0,0.5,1,0,34,48.125
"290","master-paintings-19th-century-european-n09600_556",0,0,0,1,0,0,0,0,0.5,1,0,31.5,45.5
"291","master-paintings-19th-century-european-n09600_557",0,0,0,1,0,0,0,0,0.333333333333333,1,1,24,30
"292","master-paintings-19th-century-european-n09600_558",0,0,0,1,0,0,0,0,0.333333333333333,1,1,54.5,72.125
"293","master-paintings-19th-century-european-n09600_559",0,0,0,1,0,0,0,0,0.5,1,1,14.25,18
"294","master-paintings-19th-century-european-n09600_560",0,0,0,1,0,0,0,0,0.388888888888889,1,1,28.75,41.375
"295","master-paintings-19th-century-european-n09600_561",0,0,0,1,0,0,0,0,0.5,1,1,36.25,26
"296","master-paintings-19th-century-european-n09600_562",0,0,1,0,0,0,0,0,0.428571428571429,0,1,25.5,21.25
"297","master-paintings-19th-century-european-n09600_563",0,0,1,0,0,0,0,0,0.5,1,0,21.5,18
"298","master-paintings-19th-century-european-n09600_564",0,0,0,1,0,0,0,0,0.5,1,1,30.5,24.5
"299","master-paintings-19th-century-european-n09600_565",0,0,0,0,0,0,1,0,0.4,1,0,42.375,33
"300","master-paintings-19th-century-european-n09600_567",0,0,0,0,0,0,1,0,0.333333333333333,1,1,9.375,13.125
"301","master-paintings-19th-century-european-n09600_568",0,1,0,0,0,0,0,0,0.333333333333333,1,1,13.75,10.5
"302","master-paintings-19th-century-european-n09600_569",0,0,0,1,0,0,0,0,0.5,1,1,24,30
"303","master-paintings-19th-century-european-n09600_570",0,1,0,0,0,0,0,0,0.333333333333333,1,0,14,10.75
"304","master-paintings-19th-century-european-n09600_571",0,0,1,0,0,0,0,0,0.4,1,1,14.25,10
"305","master-paintings-19th-century-european-n09600_572",0,0,0,0,0,0,1,0,0.5,1,1,45.875,35.375
"306","master-paintings-19th-century-european-n09600_573",0,1,0,0,0,0,0,0,0.666666666666667,1,1,8.875,14.375
"307","master-paintings-19th-century-european-n09600_574",0,0,1,0,0,0,0,0,0.4,1,0,13,16.625
"308","master-paintings-19th-century-european-n09600_575",0,0,1,0,0,0,0,0,0.5,0,1,NA,NA
"309","master-paintings-19th-century-european-n09600_576",0,0,0,0,0,0,1,0,0.4,0,1,10.375,8.75
"310","master-paintings-19th-century-european-n09600_577",0,0,0,1,0,0,0,0,0.5,1,1,39.5,39.5
"311","master-paintings-19th-century-european-n09600_578",0,0,0,0,1,0,0,0,0.333333333333333,1,1,21.625,35.375
"312","master-paintings-19th-century-european-n09600_579",1,0,0,0,0,0,0,0,0.4,1,1,7.875,12
"313","master-paintings-19th-century-european-n09600_580",0,0,0,1,0,0,0,0,0.5,1,1,14.5,20
"314","master-paintings-19th-century-european-n09600_581",0,0,1,0,0,0,0,0,0.666666666666667,1,0,34,49
"315","master-paintings-19th-century-european-n09600_582",0,0,1,0,0,0,0,0,0.4,1,0,28.125,42.25
"316","master-paintings-19th-century-european-n09600_583",0,0,0,1,0,0,0,0,0.5,1,1,12.25,20
"317","master-paintings-19th-century-european-n09600_584",0,0,0,0,0,0,1,1,0.5,1,0,19.75,25.75
"318","master-paintings-19th-century-european-n09600_585",0,0,0,0,0,0,1,0,0.333333333333333,1,0,28.25,42
"319","master-paintings-19th-century-european-n09600_587",0,0,0,1,0,0,0,0,0.5,0,0,24,34
"320","master-paintings-19th-century-european-n09600_588",0,0,0,1,0,0,0,0,0.5,1,0,13,17
"321","master-paintings-19th-century-european-n09600_589",0,0,0,1,0,0,0,0,0.333333333333333,1,1,24.125,35.875
"322","master-paintings-19th-century-european-n09600_590",0,0,0,1,0,0,0,0,0.5,1,0,30,39.75
"323","master-paintings-19th-century-european-n09600_591",0,0,0,1,0,0,0,0,0.5,1,0,20.125,28.125
"324","americana-collection-george-s-parker-ii-caxambas-foundation-n09605_2001",0,0,0,0,1,0,0,0,0.666666666666667,0,1,45.75,NA
"325","americana-collection-george-s-parker-ii-caxambas-foundation-n09605_2002",0,0,0,0,0,0,1,0,1,0,1,NA,NA
"326","americana-collection-george-s-parker-ii-caxambas-foundation-n09605_2003",0,0,0,0,0,0,1,0,0.5,0,1,36.5,NA
"327","americana-collection-george-s-parker-ii-caxambas-foundation-n09605_2004",0,0,0,0,1,0,0,0,0.5,0,1,NA,NA
"328","americana-collection-george-s-parker-ii-caxambas-foundation-n09605_2005",0,0,0,0,1,0,0,0,0.666666666666667,0,1,NA,NA
"329","americana-collection-george-s-parker-ii-caxambas-foundation-n09605_2006",0,0,0,1,0,0,0,0,0.6,1,1,9.5,NA
"330","americana-collection-george-s-parker-ii-caxambas-foundation-n09605_2007",0,0,0,0,0,0,1,0,0.5,0,1,41.5,NA
"331","americana-collection-george-s-parker-ii-caxambas-foundation-n09605_2008",0,0,0,0,0,0,1,0,0.4,1,1,7,NA
"332","americana-collection-george-s-parker-ii-caxambas-foundation-n09605_2009",0,0,0,0,1,0,0,0,0.5,1,1,5.75,NA
"333","americana-collection-george-s-parker-ii-caxambas-foundation-n09605_2010",0,0,0,0,1,0,0,0,0.333333333333333,1,1,6.5,NA
"334","americana-collection-george-s-parker-ii-caxambas-foundation-n09605_2011",0,0,0,0,1,0,0,0,0.5,1,1,7.5,NA
"335","americana-collection-george-s-parker-ii-caxambas-foundation-n09605_2012",0,0,0,0,0,0,1,0,0.666666666666667,1,1,3.375,NA
"336","americana-collection-george-s-parker-ii-caxambas-foundation-n09605_2014",0,0,0,0,0,0,1,1,0.428571428571429,1,0,6.75,NA
"337","americana-collection-george-s-parker-ii-caxambas-foundation-n09605_2015",0,0,0,0,1,0,0,0,0.5,1,1,13,NA
"338","americana-collection-george-s-parker-ii-caxambas-foundation-n09605_2016",0,0,0,0,1,0,0,0,0.5,1,1,6.5,NA
"339","americana-collection-george-s-parker-ii-caxambas-foundation-n09605_2017",0,0,0,0,0,0,1,0,0.5,1,0,7.5,NA
"340","americana-collection-george-s-parker-ii-caxambas-foundation-n09605_2018",0,0,0,1,0,0,0,0,0.666666666666667,0,1,6.75,NA
"341","americana-collection-george-s-parker-ii-caxambas-foundation-n09605_2019",0,0,0,0,1,0,0,1,0.666666666666667,1,1,5.625,NA
"342","americana-collection-george-s-parker-ii-caxambas-foundation-n09605_2020",0,0,0,1,0,0,0,0,0.333333333333333,1,1,8,NA
"343","americana-collection-george-s-parker-ii-caxambas-foundation-n09605_2021",0,0,0,0,1,0,0,0,0.666666666666667,0,1,NA,NA
"344","americana-collection-george-s-parker-ii-caxambas-foundation-n09605_2022",0,0,0,0,1,0,0,0,0.5,0,1,NA,NA
"345","americana-collection-george-s-parker-ii-caxambas-foundation-n09605_2023",0,0,0,0,1,0,0,0,0.5,0,1,NA,NA
"346","americana-collection-george-s-parker-ii-caxambas-foundation-n09605_2024",0,0,0,0,1,0,0,0,0.666666666666667,0,1,28.5,NA
"347","americana-collection-george-s-parker-ii-caxambas-foundation-n09605_2025",0,0,0,0,0,0,1,0,0.666666666666667,0,1,61.75,NA
"348","americana-collection-george-s-parker-ii-caxambas-foundation-n09605_2026",0,0,0,0,1,0,0,0,0.666666666666667,0,1,NA,NA
"349","americana-collection-george-s-parker-ii-caxambas-foundation-n09605_2027",0,0,0,0,1,0,0,0,0.428571428571429,0,1,NA,NA
"350","americana-collection-george-s-parker-ii-caxambas-foundation-n09605_2028",0,0,0,0,0,0,1,0,0.5,0,1,40,NA
"351","americana-collection-george-s-parker-ii-caxambas-foundation-n09605_2029",0,0,0,0,0,0,1,0,0.6,1,1,21,NA
"352","americana-collection-george-s-parker-ii-caxambas-foundation-n09605_2030",0,1,0,0,0,0,0,0,0.4,0,0,30.5,26.5
"353","americana-collection-george-s-parker-ii-caxambas-foundation-n09605_2031",0,0,0,0,1,0,0,0,0.5,0,1,50.5,NA
"354","americana-collection-george-s-parker-ii-caxambas-foundation-n09605_2032",0,0,0,0,1,0,0,0,0.5,0,0,47.5,NA
"355","americana-collection-george-s-parker-ii-caxambas-foundation-n09605_2033",0,0,0,0,1,0,0,0,0.666666666666667,0,1,NA,NA
"356","americana-collection-george-s-parker-ii-caxambas-foundation-n09605_2034",0,0,0,0,1,0,0,0,1,0,1,40.5,42.75
"357","americana-collection-george-s-parker-ii-caxambas-foundation-n09605_2035",0,0,0,0,0,0,1,0,0.5,0,1,NA,NA
"358","americana-collection-george-s-parker-ii-caxambas-foundation-n09605_2036",0,0,0,0,0,0,1,0,0.5,0,1,NA,NA
"359","americana-collection-george-s-parker-ii-caxambas-foundation-n09605_2037",0,0,0,0,1,0,0,0,0.4,0,0,NA,NA
"360","americana-collection-george-s-parker-ii-caxambas-foundation-n09605_2038",0,0,0,0,1,0,0,0,0.666666666666667,0,1,42.25,NA
"361","americana-collection-george-s-parker-ii-caxambas-foundation-n09605_2039",0,0,0,0,1,0,0,0,0.5,0,1,NA,NA
"362","americana-collection-george-s-parker-ii-caxambas-foundation-n09605_2040",0,0,0,0,0,0,1,0,1,0,1,79,NA
"363","americana-collection-george-s-parker-ii-caxambas-foundation-n09605_2041",0,0,0,0,1,0,0,0,0.5,1,1,41.75,NA
"364","americana-collection-george-s-parker-ii-caxambas-foundation-n09605_2042",0,0,0,0,1,0,0,0,0.5,1,1,38.75,NA
"365","americana-collection-george-s-parker-ii-caxambas-foundation-n09605_2043",0,0,0,0,0,0,1,0,0.666666666666667,1,0,91.5,NA
"366","americana-collection-george-s-parker-ii-caxambas-foundation-n09605_2044",0,0,0,0,1,0,0,0,0.333333333333333,1,1,39,NA
"367","americana-collection-george-s-parker-ii-caxambas-foundation-n09605_2045",0,1,0,0,0,0,0,0,0.333333333333333,0,1,50,39.5
"368","americana-collection-george-s-parker-ii-caxambas-foundation-n09605_2046",0,0,0,0,1,0,0,0,0.5,0,1,27.5,NA
"369","americana-collection-george-s-parker-ii-caxambas-foundation-n09605_2047",0,1,0,0,0,0,0,0,0.333333333333333,0,1,29.75,24.75
"370","americana-collection-george-s-parker-ii-caxambas-foundation-n09605_2048",0,0,0,0,0,0,1,0,0.666666666666667,0,1,NA,NA
"371","americana-collection-george-s-parker-ii-caxambas-foundation-n09605_2049",0,0,0,0,1,0,0,0,1,0,0,28.5,NA
"372","americana-collection-george-s-parker-ii-caxambas-foundation-n09605_2050",0,0,0,0,0,0,1,0,0.4,0,1,NA,NA
"373","americana-collection-george-s-parker-ii-caxambas-foundation-n09605_2051",0,0,0,0,1,0,0,0,0.5,0,1,40.5,NA
"374","americana-collection-george-s-parker-ii-caxambas-foundation-n09605_2052",0,0,0,0,1,0,0,0,0.5,0,1,28.5,NA
"375","americana-collection-george-s-parker-ii-caxambas-foundation-n09605_2053",0,0,0,0,1,0,0,0,0.333333333333333,0,1,NA,NA
"376","americana-collection-george-s-parker-ii-caxambas-foundation-n09605_2054",0,0,0,0,0,0,1,0,0.4,0,1,NA,NA
"377","americana-collection-george-s-parker-ii-caxambas-foundation-n09605_2055",0,1,0,0,0,0,0,0,0.333333333333333,0,0,50,40.25
"378","americana-collection-george-s-parker-ii-caxambas-foundation-n09605_2056",0,0,0,0,1,0,0,0,0.5,0,1,29.25,NA
"379","americana-collection-george-s-parker-ii-caxambas-foundation-n09605_2057",0,0,0,0,1,0,0,0,1,0,1,27.5,NA
"380","americana-collection-george-s-parker-ii-caxambas-foundation-n09605_2058",0,0,0,0,0,0,1,0,0.666666666666667,0,1,NA,NA
"381","americana-collection-george-s-parker-ii-caxambas-foundation-n09605_2059",0,0,0,0,1,0,0,0,0.5,0,1,NA,NA
"382","americana-collection-george-s-parker-ii-caxambas-foundation-n09605_2060",0,0,0,0,1,0,0,0,0.4,0,1,NA,NA
"383","americana-collection-george-s-parker-ii-caxambas-foundation-n09605_2061",0,0,0,0,1,0,0,0,1,0,1,NA,NA
"384","americana-collection-george-s-parker-ii-caxambas-foundation-n09605_2062",0,1,0,0,0,0,0,0,0.666666666666667,0,1,30,25
"385","americana-collection-george-s-parker-ii-caxambas-foundation-n09605_2063",0,0,0,0,1,0,0,0,0.5,0,1,NA,NA
"386","americana-collection-george-s-parker-ii-caxambas-foundation-n09605_2064",0,0,0,0,0,0,1,0,1,0,1,NA,NA
"387","americana-collection-george-s-parker-ii-caxambas-foundation-n09605_2065",0,0,0,0,1,0,0,0,1,0,0,NA,NA
"388","americana-collection-george-s-parker-ii-caxambas-foundation-n09605_2066",0,1,0,0,0,0,0,0,0.5,0,1,30,25
"389","americana-collection-george-s-parker-ii-caxambas-foundation-n09605_2067",0,0,0,0,1,0,0,0,1,0,1,30.25,NA
"390","americana-collection-george-s-parker-ii-caxambas-foundation-n09605_2068",0,0,0,0,1,0,0,0,0.333333333333333,1,1,6.875,NA
"391","americana-collection-george-s-parker-ii-caxambas-foundation-n09605_2069",0,0,0,0,1,0,0,0,0.333333333333333,1,1,7.75,NA
"392","americana-collection-george-s-parker-ii-caxambas-foundation-n09605_2070",0,0,0,1,0,0,0,0,0.666666666666667,1,1,6.75,NA
"393","americana-collection-george-s-parker-ii-caxambas-foundation-n09605_2071",0,0,0,0,0,0,1,1,0.428571428571429,1,1,4.25,NA
"394","americana-collection-george-s-parker-ii-caxambas-foundation-n09605_2072",0,0,0,1,0,0,0,0,0.285714285714286,1,1,6.75,NA
"395","americana-collection-george-s-parker-ii-caxambas-foundation-n09605_2073",0,0,0,1,0,0,0,0,0.285714285714286,1,1,7.5,NA
"396","americana-collection-george-s-parker-ii-caxambas-foundation-n09605_2074",0,0,0,1,0,0,0,0,0.5,1,0,4.25,NA
"397","americana-collection-george-s-parker-ii-caxambas-foundation-n09605_2075",0,0,0,1,0,0,0,0,0.5,1,1,4.5,NA
"398","americana-collection-george-s-parker-ii-caxambas-foundation-n09605_2076",0,0,0,1,0,0,0,0,0.5,1,1,4.5,NA
"399","americana-collection-george-s-parker-ii-caxambas-foundation-n09605_2077",0,0,0,1,0,0,0,0,0.5,1,1,4,NA
"400","americana-collection-george-s-parker-ii-caxambas-foundation-n09605_2078",0,0,0,1,0,0,0,0,0.5,1,0,11,4.375
"401","americana-collection-george-s-parker-ii-caxambas-foundation-n09605_2079",0,0,0,0,1,0,0,0,0.5,1,0,13.375,NA
"402","americana-collection-george-s-parker-ii-caxambas-foundation-n09605_2080",0,0,0,0,1,0,0,0,0.5,1,1,0,5.875
"403","americana-collection-george-s-parker-ii-caxambas-foundation-n09605_2081",0,0,0,0,0,0,1,0,0.25,1,1,7.25,NA
"404","americana-collection-george-s-parker-ii-caxambas-foundation-n09605_2082",0,0,0,1,0,0,0,0,0.333333333333333,1,1,6.5,NA
"405","americana-collection-george-s-parker-ii-caxambas-foundation-n09605_2083",0,0,0,0,0,0,1,0,0.5,1,0,6.125,NA
"406","americana-collection-george-s-parker-ii-caxambas-foundation-n09605_2084",0,0,0,0,1,0,0,0,0.333333333333333,1,1,42,NA
"407","americana-collection-george-s-parker-ii-caxambas-foundation-n09605_2085",0,0,0,0,1,0,0,0,0.6,1,1,41.5,NA
"408","americana-collection-george-s-parker-ii-caxambas-foundation-n09605_2086",0,1,0,0,0,0,0,0,0.25,0,1,38.25,28.625
"409","americana-collection-george-s-parker-ii-caxambas-foundation-n09605_2087",0,0,0,0,0,0,1,0,0.5,0,1,NA,NA
"410","americana-collection-george-s-parker-ii-caxambas-foundation-n09605_2088",0,0,0,0,1,0,0,0,0.5,1,1,38.25,NA
"411","americana-collection-george-s-parker-ii-caxambas-foundation-n09605_2089",0,0,0,0,1,0,0,0,0.666666666666667,0,1,34.5,NA
"412","americana-collection-george-s-parker-ii-caxambas-foundation-n09605_2090",0,1,0,0,0,0,0,0,0.666666666666667,1,0,30,25
"413","americana-collection-george-s-parker-ii-caxambas-foundation-n09605_2091",0,0,0,0,1,0,0,0,0.5,0,1,NA,NA
"414","americana-collection-george-s-parker-ii-caxambas-foundation-n09605_2092",0,0,0,0,1,0,0,0,0.4,0,1,NA,NA
"415","americana-collection-george-s-parker-ii-caxambas-foundation-n09605_2093",0,0,0,0,1,0,0,0,0.666666666666667,0,1,NA,NA
"416","americana-collection-george-s-parker-ii-caxambas-foundation-n09605_2094",0,0,0,0,0,0,1,0,0.5,0,1,NA,NA
"417","americana-collection-george-s-parker-ii-caxambas-foundation-n09605_2095",0,0,0,0,0,0,1,0,1,0,1,33,NA
"418","americana-collection-george-s-parker-ii-caxambas-foundation-n09605_2096",0,0,0,0,0,0,1,0,0.5,0,1,44.75,NA
"419","americana-collection-george-s-parker-ii-caxambas-foundation-n09605_2097",0,0,0,0,1,0,0,0,0.666666666666667,0,1,NA,NA
"420","americana-collection-george-s-parker-ii-caxambas-foundation-n09605_2098",0,0,0,0,1,0,0,1,0.666666666666667,1,1,38,NA
"421","americana-collection-george-s-parker-ii-caxambas-foundation-n09605_2099",0,0,0,0,1,0,0,0,0.333333333333333,0,1,NA,NA
"422","americana-collection-george-s-parker-ii-caxambas-foundation-n09605_2100",0,0,0,0,1,0,0,0,0.666666666666667,0,1,48,NA
"423","americana-collection-george-s-parker-ii-caxambas-foundation-n09605_2101",0,0,0,0,1,0,0,0,1,0,1,NA,NA
"424","americana-collection-george-s-parker-ii-caxambas-foundation-n09605_2102",0,0,0,0,0,0,1,0,0.5,0,1,NA,NA
"425","americana-collection-george-s-parker-ii-caxambas-foundation-n09605_2103",0,0,0,0,1,0,0,0,0.5,0,1,NA,NA
"426","americana-collection-george-s-parker-ii-caxambas-foundation-n09605_2104",0,0,0,0,0,0,1,0,0.666666666666667,0,0,78,NA
"427","americana-collection-george-s-parker-ii-caxambas-foundation-n09605_2105",0,0,0,0,0,0,1,0,0.666666666666667,0,1,89,NA
"428","americana-collection-george-s-parker-ii-caxambas-foundation-n09605_2106",0,0,0,0,0,0,1,0,1,0,1,NA,NA
"429","americana-collection-george-s-parker-ii-caxambas-foundation-n09605_2107",0,0,0,0,1,0,0,1,0.666666666666667,0,0,27.5,NA
"430","americana-collection-george-s-parker-ii-caxambas-foundation-n09605_2108",0,0,0,0,1,0,0,0,0.5,0,0,NA,NA
"431","americana-collection-george-s-parker-ii-caxambas-foundation-n09605_2109",0,0,0,0,0,0,1,0,0.5,0,0,101,NA
"432","americana-collection-george-s-parker-ii-caxambas-foundation-n09605_2110",0,0,0,1,0,0,0,0,0.444444444444444,0,1,9.5,NA
"433","americana-collection-george-s-parker-ii-caxambas-foundation-n09605_2111",0,0,0,0,1,0,0,0,0.666666666666667,0,1,NA,NA
"434","americana-collection-george-s-parker-ii-caxambas-foundation-n09605_2112",0,0,0,0,0,0,1,0,0.5,0,1,NA,NA
"435","americana-collection-george-s-parker-ii-caxambas-foundation-n09605_2113",0,0,0,0,1,0,0,0,0.5,0,0,NA,NA
"436","americana-collection-george-s-parker-ii-caxambas-foundation-n09605_2114",0,0,0,0,1,0,0,1,0.5,1,1,38.5,NA
"437","americana-collection-george-s-parker-ii-caxambas-foundation-n09605_2115",0,0,0,0,1,0,0,0,0.6,0,1,93.25,NA
"438","americana-collection-george-s-parker-ii-caxambas-foundation-n09605_2116",0,0,0,0,0,0,1,0,0.5,0,1,99.75,NA
"439","americana-collection-george-s-parker-ii-caxambas-foundation-n09605_2117",0,0,0,0,1,0,0,0,1,0,1,NA,NA
"440","americana-collection-george-s-parker-ii-caxambas-foundation-n09605_2118",0,0,0,0,1,0,0,0,0.5,0,1,NA,NA
"441","americana-collection-george-s-parker-ii-caxambas-foundation-n09605_2119",0,0,0,0,1,0,0,0,0.666666666666667,1,1,38.75,NA
"442","americana-collection-george-s-parker-ii-caxambas-foundation-n09605_2120",0,0,0,0,1,0,0,0,0.666666666666667,0,0,38.5,NA
"443","americana-collection-george-s-parker-ii-caxambas-foundation-n09605_2121",0,0,0,0,0,0,1,0,0.5,0,1,NA,NA
"444","americana-collection-george-s-parker-ii-caxambas-foundation-n09605_2122",0,0,0,0,1,0,0,0,1,0,1,2.5,NA
"445","americana-collection-george-s-parker-ii-caxambas-foundation-n09605_2123",0,0,0,0,1,0,0,0,0.666666666666667,0,1,28.75,NA
"446","americana-collection-george-s-parker-ii-caxambas-foundation-n09605_2124",0,0,0,0,1,0,0,0,0.5,1,1,9.25,NA
"447","americana-collection-george-s-parker-ii-caxambas-foundation-n09605_2125",0,0,0,0,1,0,0,0,0.333333333333333,1,1,8.25,NA
"448","americana-collection-george-s-parker-ii-caxambas-foundation-n09605_2126",0,0,0,1,0,0,0,0,0.5,1,0,17,7.125
"449","americana-collection-george-s-parker-ii-caxambas-foundation-n09605_2127",0,0,0,1,0,0,0,0,0.333333333333333,1,1,8.5,NA
"450","americana-collection-george-s-parker-ii-caxambas-foundation-n09605_2128",0,0,0,0,1,0,0,0,0.5,1,1,12,NA
"451","americana-collection-george-s-parker-ii-caxambas-foundation-n09605_2129",0,0,0,0,1,0,0,0,0.5,1,1,7.25,NA
"452","americana-collection-george-s-parker-ii-caxambas-foundation-n09605_2130",0,0,0,0,1,0,0,0,0.333333333333333,1,1,6.625,NA
"453","americana-collection-george-s-parker-ii-caxambas-foundation-n09605_2131",0,0,0,1,0,0,0,0,0.333333333333333,1,1,12,10.125
"454","americana-collection-george-s-parker-ii-caxambas-foundation-n09605_2132",0,0,0,1,0,0,0,0,0.5,1,1,5.25,NA
"455","americana-collection-george-s-parker-ii-caxambas-foundation-n09605_2133",0,0,0,0,0,0,1,0,0.285714285714286,1,1,17,9
"456","americana-collection-george-s-parker-ii-caxambas-foundation-n09605_2134",0,0,0,1,0,0,0,0,0.333333333333333,0,1,5.25,NA
"457","americana-collection-george-s-parker-ii-caxambas-foundation-n09605_2135",0,0,0,0,1,0,0,0,0.6,1,1,13.75,NA
"458","americana-collection-george-s-parker-ii-caxambas-foundation-n09605_2136",0,0,0,0,1,0,0,0,0.4,1,0,10,NA
"459","americana-collection-george-s-parker-ii-caxambas-foundation-n09605_2137",0,0,0,1,0,0,0,0,0.5,1,1,10.5,NA
"460","americana-collection-george-s-parker-ii-caxambas-foundation-n09605_2138",0,0,0,0,0,0,1,0,0.5,1,1,4.25,NA
"461","americana-collection-george-s-parker-ii-caxambas-foundation-n09605_2139",0,0,0,0,1,0,0,0,0.5,1,1,8.125,NA
"462","americana-collection-george-s-parker-ii-caxambas-foundation-n09605_2140",0,0,0,0,0,0,1,0,0.5,1,1,4,10.125
"463","americana-collection-george-s-parker-ii-caxambas-foundation-n09605_2141",0,0,0,0,1,0,0,0,0.4,1,0,5.5,NA
"464","americana-collection-george-s-parker-ii-caxambas-foundation-n09605_2142",0,0,0,1,0,0,0,0,0.5,1,1,10.5,NA
"465","americana-collection-george-s-parker-ii-caxambas-foundation-n09605_2143",0,0,0,0,0,0,1,0,0.5,0,1,89,NA
"466","americana-collection-george-s-parker-ii-caxambas-foundation-n09605_2144",0,0,0,0,0,0,1,0,0.333333333333333,0,1,63.25,NA
"467","americana-collection-george-s-parker-ii-caxambas-foundation-n09605_2145",0,0,0,0,1,0,0,0,0.666666666666667,0,1,29.5,NA
"468","americana-collection-george-s-parker-ii-caxambas-foundation-n09605_2146",0,0,0,0,1,0,0,0,0.5,0,1,NA,NA
"469","americana-collection-george-s-parker-ii-caxambas-foundation-n09605_2147",0,0,0,0,0,0,1,0,0.5,0,1,94,NA
"470","americana-collection-george-s-parker-ii-caxambas-foundation-n09605_2148",0,0,0,0,1,0,0,1,0.5,0,1,NA,NA
"471","americana-collection-george-s-parker-ii-caxambas-foundation-n09605_2149",0,0,0,0,1,0,0,0,0.5,1,1,40.25,NA
"472","americana-collection-george-s-parker-ii-caxambas-foundation-n09605_2150",0,0,0,0,0,0,1,0,0.4,0,1,NA,NA
"473","americana-collection-george-s-parker-ii-caxambas-foundation-n09605_2151",0,0,0,0,0,0,1,0,0.666666666666667,0,1,NA,NA
"474","americana-collection-george-s-parker-ii-caxambas-foundation-n09605_2152",0,0,0,0,1,0,0,0,0.666666666666667,1,1,38.5,NA
"475","americana-collection-george-s-parker-ii-caxambas-foundation-n09605_2153",0,0,0,0,0,0,1,0,0.666666666666667,0,1,101,NA
"476","americana-collection-george-s-parker-ii-caxambas-foundation-n09605_2154",0,0,0,0,1,0,0,0,0.5,0,0,NA,NA
"477","americana-collection-george-s-parker-ii-caxambas-foundation-n09605_2155",0,0,0,0,1,0,0,0,0.5,1,1,38.25,NA
"478","americana-collection-george-s-parker-ii-caxambas-foundation-n09605_2156",0,0,0,0,1,0,0,0,0.5,1,0,38.5,NA
"479","americana-collection-george-s-parker-ii-caxambas-foundation-n09605_2157",0,0,0,0,1,0,0,0,0.5,1,0,38.5,NA
"480","americana-collection-george-s-parker-ii-caxambas-foundation-n09605_2158",0,1,0,0,0,0,0,0,0.4,0,1,30,24.5
"481","americana-collection-george-s-parker-ii-caxambas-foundation-n09605_2159",0,0,0,0,1,0,0,0,0.666666666666667,0,1,NA,NA
"482","americana-collection-george-s-parker-ii-caxambas-foundation-n09605_2160",0,0,0,0,1,0,0,0,0.5,0,0,39.75,NA
"483","americana-collection-george-s-parker-ii-caxambas-foundation-n09605_2161",0,0,0,0,1,0,0,1,0.5,0,1,32.75,NA
"484","americana-collection-george-s-parker-ii-caxambas-foundation-n09605_2162",0,0,0,0,0,0,1,0,1,0,1,97.5,NA
"485","americana-collection-george-s-parker-ii-caxambas-foundation-n09605_2163",0,1,0,0,0,0,0,0,0.5,0,1,30,24.75
"486","americana-collection-george-s-parker-ii-caxambas-foundation-n09605_2164",0,0,0,0,1,0,0,0,1,0,0,NA,NA
"487","americana-collection-george-s-parker-ii-caxambas-foundation-n09605_2165",0,1,0,0,0,0,0,0,0.25,0,1,40.5,28.75
"488","americana-collection-george-s-parker-ii-caxambas-foundation-n09605_2166",0,0,0,0,0,0,1,0,0.5,0,1,11.5,NA
"489","americana-collection-george-s-parker-ii-caxambas-foundation-n09605_2167",0,0,0,0,1,0,0,0,0.5,0,1,NA,NA
"490","americana-collection-george-s-parker-ii-caxambas-foundation-n09605_2168",0,0,0,0,0,0,1,0,0.5,0,0,29,NA
"491","americana-collection-george-s-parker-ii-caxambas-foundation-n09605_2169",0,0,0,0,1,0,0,0,1,0,1,NA,NA
"492","americana-collection-george-s-parker-ii-caxambas-foundation-n09605_2170",0,1,0,0,0,0,0,0,0.666666666666667,0,1,30,25
"493","americana-collection-george-s-parker-ii-caxambas-foundation-n09605_2171",0,0,0,0,0,0,1,0,0.333333333333333,0,1,22.25,NA
"494","americana-collection-george-s-parker-ii-caxambas-foundation-n09605_2172",0,0,0,0,1,0,0,0,1,0,1,34.75,NA
"495","americana-collection-george-s-parker-ii-caxambas-foundation-n09605_2173",0,0,0,0,1,0,0,0,0.5,1,1,41,NA
"496","americana-collection-george-s-parker-ii-caxambas-foundation-n09605_2174",0,1,0,0,0,0,0,0,0.5,0,1,25.5,21.625
"497","americana-collection-george-s-parker-ii-caxambas-foundation-n09605_2175",0,0,0,0,1,0,0,0,0.5,0,1,NA,NA
"498","americana-collection-george-s-parker-ii-caxambas-foundation-n09605_2176",0,0,0,0,1,0,0,0,0.666666666666667,0,1,NA,NA
